sample_id,tu,neural_LDV,neural_KSLP,neural_BFGP,metabolic_LDV,metabolic_KSLP,metabolic_BFGP,circulatory_LDV,circulatory_KSLP,circulatory_BFGP,immune_LDV,immune_KSLP,immune_BFGP,developmental_LDV,developmental_KSLP,developmental_BFGP
demo_01,0.0,1.6191380814456329,0.9863909088292016,0.7692165564410729,1.6225694541131623,0.8218436752057824,0.8846022475720119,1.6129696595512322,0.649973279185691,1.000003004136351,1.5885679551958474,0.5953561401066564,1.11538011319395,1.5647564687224496,0.46772013267638063,1.2307980305790638
demo_02,0.18181818,1.8720467044619284,1.1887093659217924,0.7703103666356066,1.9296575959020328,1.0190513119533704,0.8851660940548208,1.9716413044843466,0.8732904813818247,0.999994141025617,2.001256174651202,0.8515491540314873,1.1148478416714664,2.024281566782681,0.7026346175015543,1.2296815087649036
demo_03,0.36363636,2.0734585445767864,1.355657281167112,0.7714040676007271,2.163024056233343,1.203272565772705,0.8857103747034863,2.2355615383894127,1.0854517493703069,0.9999983819873949,2.2909266315521926,1.0667696753242577,1.1142926642494886,2.3388724083898285,0.9221569132963382,1.2285944638392865
demo_04,0.54545455,2.2410299490249663,1.512676377770726,0.7724976137940677,2.352793131293292,1.369516476044436,0.8862466542992438,2.4430323761350428,1.2516337183463262,0.9999897682759706,2.516341545216061,1.2032028827227739,1.113757049198434,2.5775579451842185,1.0948876301736525,1.2275088670385121
demo_05,0.72727273,2.3850549038133226,1.6464970783000388,0.7735709706011685,2.512035039353873,1.4916953682384726,0.8867740900786857,2.6171777890943875,1.3804969399272955,1.0000017955728997,2.7002129352934343,1.3542638602885362,1.1132285337885373,2.770459291435004,1.2485599714970324,1.226424562788313
demo_06,0.90909091,2.5107134311907355,1.7408176373697455,0.774629131548785,2.650149549293644,1.6252286474963507,0.8873249629757421,2.762951301568468,1.5004039252245989,0.9999995080631763,2.8545858952677015,1.464538540053372,1.1126821198385386,2.931442217144816,1.3682115059252542,1.2253642306249746
demo_07,1.09090909,2.6221184387856855,1.8597691538951473,0.7756839163081157,2.769803878053627,1.7226190895691622,0.8878452481213017,2.8913605843107777,1.6113949637249405,0.9999959137709237,2.9886820199126256,1.5748190048027342,1.1121561249393306,3.070406828980227,1.4934680495674582,1.2243187501309
demo_08,1.27272727,2.7230399591050594,1.9473236305955348,0.7767002285976028,2.8781487716614476,1.8208174556270211,0.8883688851159798,3.0045064749499937,1.7070576613686275,1.000007341508581,3.1077415140548394,1.6748568906039194,1.1116394224026125,3.192517347131584,1.5881671662062022,1.2232840758630068
demo_09,1.45454545,2.814192236571898,2.037187392236726,0.7777579721048805,2.974971947863711,1.906311418270774,0.8888789450318336,3.106683402258962,1.7994119919724438,0.9999975631230343,3.2128074420179007,1.756799124696615,1.1111258138319848,3.301233661287609,1.6861799917583637,1.2222396596115535
demo_10,1.63636364,2.8975720075292033,2.1125715234280937,0.7787703592909102,3.064378941643376,1.9782307450227299,0.8894022024768934,3.198822390569531,1.8779256864570961,0.9999958336719375,3.308248848063013,1.8377766092330168,1.1106079665558275,3.399464767774104,1.7664607256248284,1.2212235919208527
demo_11,1.81818182,2.9745423725946374,2.179271030124464,0.7797885913422417,3.1447133596650865,2.0486154091929003,0.8898956644103011,3.283521471904879,1.9598198196850407,1.0000085785003308,3.3959170015786317,1.9149158823722827,1.1101012899731595,3.488673163162392,1.84570103634793,1.220205829901981
demo_12,2.0,3.046239794894015,2.247638926469015,0.7807973865424793,3.2206448424951715,2.1259692827589816,0.8904008508653181,3.361523423049234,2.0231437834063613,1.0000168774668088,3.4762094595279858,1.9900061654578096,1.1095933835023144,3.570703109976531,1.927862168551408,1.2191914559607604
