feature,relative_importance
developmental_KSLP,0.13628446673917957
immune_LDV,0.12480023811961094
metabolic_LDV,0.10095888972716272
immune_BFGP,0.07666979028776905
immune_KSLP,0.07390105424772697
neural_KSLP,0.06991940925619455
circulatory_LDV,0.06331335533853201
metabolic_KSLP,0.06281977617513229
neural_BFGP,0.06129582755996307
developmental_BFGP,0.057043172857216204
circulatory_KSLP,0.05582763308582521
developmental_LDV,0.04048865079535478
metabolic_BFGP,0.03867018555686012
neural_LDV,0.033900784759708924
circulatory_BFGP,0.0041067654937636654
