sample_id,tu,isolation_score,retained
demo_01,0.0,-0.03422123255733911,False
demo_02,0.18181818,0.07154205435785821,True
demo_03,0.36363636,0.1067713040380851,True
demo_04,0.54545455,0.12634297219834062,True
demo_05,0.72727273,0.1524525408960261,True
demo_06,0.90909091,0.17569900394437116,True
demo_07,1.09090909,0.17625414544579943,True
demo_08,1.27272727,0.1612804727192776,True
demo_09,1.45454545,0.16221984171999493,True
demo_10,1.63636364,0.1480814271720386,True
demo_11,1.81818182,0.11641876802335072,True
demo_12,2.0,0.04355429598206795,True
