sample_id,tu_true,tu_predicted,absolute_error
demo_01,0.0,0.18989171673601374,0.18989171673601374
demo_02,0.18181818,0.27748195736263936,0.09566377736263937
demo_03,0.36363636,0.4926386255169494,0.12900226551694943
demo_04,0.54545455,0.6558820223468684,0.11042747234686845
demo_05,0.72727273,0.7734116591570346,0.04613892915703455
demo_06,0.90909091,0.9527953924493339,0.04370448244933389
demo_07,1.09090909,1.201795138463393,0.1108860484633929
demo_08,1.27272727,1.2807500970707018,0.008022827070701677
demo_09,1.45454545,1.5402861601751292,0.0857407101751293
demo_10,1.63636364,1.6848122080660373,0.04844856806603737
demo_11,1.81818182,1.8738396126817645,0.05565779268176452
demo_12,2.0,1.8181795168125474,0.1818204831874526
