sample_id,csv_file,status,reason
demo_01,demo_01.csv,included,passed_manual_and_structural_checks
demo_02,demo_02.csv,included,passed_manual_and_structural_checks
demo_03,demo_03.csv,included,passed_manual_and_structural_checks
demo_04,demo_04.csv,included,passed_manual_and_structural_checks
demo_05,demo_05.csv,included,passed_manual_and_structural_checks
demo_06,demo_06.csv,included,passed_manual_and_structural_checks
demo_07,demo_07.csv,included,passed_manual_and_structural_checks
demo_08,demo_08.csv,included,passed_manual_and_structural_checks
demo_09,demo_09.csv,included,passed_manual_and_structural_checks
demo_10,demo_10.csv,included,passed_manual_and_structural_checks
demo_11,demo_11.csv,included,passed_manual_and_structural_checks
demo_12,demo_12.csv,included,passed_manual_and_structural_checks
