time_s,neural,metabolic,circulatory,immune,developmental
0.0,83.50691014,95.45877313,107.49831002,119.52077133,131.51520255
0.1,83.4794121,95.51936286,107.50313983,119.46440908,131.507137
0.2,83.51565275,95.49932151,107.51509437,119.50476651,131.54192356
0.3,83.48905864,95.54176372,107.49740018,119.46750592,131.53059954
0.4,83.51174084,95.50277643,107.5573846,119.56086447,131.48994109
0.5,83.51739439,95.54206062,107.56882508,119.52167232,131.56879038
0.6,83.52069532,95.54638538,107.51014546,119.55072484,131.52217818
0.7,83.53388045,95.54756809,107.53404757,119.56799051,131.55491759
0.8,83.50137517,95.54420625,107.53231472,119.53866562,131.56488028
0.9,83.55481911,95.56002894,107.58238039,119.58367232,131.56521735
1.0,83.57331915,95.58072848,107.55977385,119.55219321,131.55922435
1.1,83.60142488,95.55730831,107.5427881,119.52956394,131.56518862
1.2,83.54543177,95.54673675,107.56610004,119.55339238,131.56120074
1.3,83.56329586,95.55649224,107.57699486,119.58136137,131.59091119
1.4,83.57289779,95.55822008,107.53628205,119.55537142,131.5917723
1.5,83.59105299,95.60386945,107.58464591,119.58538606,131.55647819
1.6,83.58475787,95.58380879,107.59714074,119.57393589,131.56611657
1.7,83.60445426,95.59392136,107.56608204,119.58122555,131.56782597
1.8,83.59420874,95.60336797,107.60637016,119.57415925,131.55091921
1.9,83.5796938,95.59766439,107.56894228,119.59400433,131.5745625
2.0,83.58835708,95.56437408,107.54705032,119.58746193,131.56051424
2.1,83.56976918,95.57926531,107.55699575,119.56175053,131.5754052
2.2,83.55882937,95.57375967,107.59195371,119.53984555,131.5605621
2.3,83.5852452,95.58611782,107.56293002,119.55569834,131.53125276
2.4,83.5606485,95.55135716,107.60640764,119.56098376,131.51351438
2.5,83.57334104,95.60425487,107.57301622,119.5318119,131.53199218
2.6,83.54864938,95.54886693,107.60492864,119.53300767,131.50035159
2.7,83.53757007,95.57074495,107.56712237,119.54223413,131.52291506
2.8,83.57867147,95.55737815,107.56266764,119.51897612,131.52175019
2.9,83.54086784,95.55801559,107.55682239,119.52663545,131.47259833
3.0,83.60071922,95.58740708,107.57490274,119.52648024,131.51063977
3.1,83.53371246,95.54597516,107.5377007,119.52809036,131.4921638
3.2,83.54541644,95.53147681,107.53733532,119.50669262,131.46004809
3.3,83.56199302,95.54720709,107.47270691,119.47799876,131.47641382
3.4,83.5022409,95.54137822,107.48324917,119.47043821,131.47296604
3.5,83.55183556,95.51244021,107.5247241,119.45853923,131.44286014
3.6,83.58221145,95.55019733,107.50391825,119.4757768,131.44269748
3.7,83.50879952,95.51720449,107.4574829,119.46216159,131.41361658
3.8,83.56827926,95.53453079,107.51449654,119.4900624,131.43141465
3.9,83.53929113,95.47915815,107.49100742,119.42572345,131.39092921
4.0,83.49643464,95.48658129,107.45381746,119.46113263,131.45603869
4.1,83.51102679,95.47817402,107.41138273,119.45033665,131.42587559
4.2,83.53260205,95.45430756,107.45182817,119.44456936,131.43083007
4.3,83.4711867,95.47660746,107.44085976,119.44498965,131.42833678
4.4,83.50781596,95.49085478,107.43871408,119.44622717,131.38617703
4.5,83.50613685,95.47553552,107.44582515,119.4061061,131.41302113
4.6,83.51232045,95.48198026,107.47037502,119.45709193,131.41576075
4.7,83.47989455,95.46636268,107.40498618,119.44013604,131.44251602
4.8,83.50850266,95.44694496,107.42532487,119.42462359,131.42540369
4.9,83.44937351,95.45389789,107.4262149,119.44095171,131.47592719
5.0,83.44868379,95.45394773,107.37853038,119.43102091,131.4301337
5.1,83.45411247,95.40613835,107.42672779,119.42795351,131.46187308
5.2,83.41761582,95.37454704,107.41077754,119.45423641,131.46563947
5.3,83.45836326,95.41928947,107.42408067,119.44336912,131.46289529
5.4,83.48617781,95.4368197,107.42725852,119.44844043,131.46680419
5.5,83.43244969,95.40670595,107.40639412,119.4551728,131.5079327
5.6,83.45089628,95.39494246,107.43580171,119.47733929,131.50684677
5.7,83.45322997,95.41220658,107.43759427,119.4839105,131.48162623
5.8,83.44395598,95.42384724,107.41970127,119.43724607,131.54774676
5.9,83.43550116,95.41290175,107.4593922,119.4526928,131.53482135
6.0,83.41284116,95.3947452,107.44843998,119.46158774,131.49698026
6.1,83.40307185,95.41332254,107.43941879,119.47343838,131.54187886
6.2,83.40015117,95.44008712,107.48045612,119.5120382,131.51911409
6.3,83.43667072,95.43406478,107.41425457,119.48252935,131.54696439
6.4,83.43186052,95.42835835,107.46152407,119.54108388,131.57346743
6.5,83.45090805,95.42195277,107.44550393,119.53306322,131.56474693
6.6,83.42977499,95.44515294,107.45676781,119.54961884,131.6020704
6.7,83.43765073,95.40357082,107.50143649,119.53655867,131.5796671
6.8,83.41276779,95.42286841,107.47081987,119.53395544,131.59067452
6.9,83.40313259,95.42869593,107.51345436,119.54136481,131.5661988
7.0,83.43407643,95.4718467,107.51257377,119.50643811,131.58986556
7.1,83.41043584,95.4457684,107.47710482,119.58581696,131.56722161
7.2,83.4484452,95.47668188,107.5280301,119.59312836,131.57153648
7.3,83.36715614,95.43478326,107.53538342,119.56532424,131.58456248
7.4,83.43652024,95.44775997,107.49456116,119.57771073,131.58088407
7.5,83.42698901,95.48763576,107.55225129,119.5872138,131.59838967
7.6,83.41059422,95.49499349,107.53273215,119.58364046,131.58384438
7.7,83.43699096,95.48708937,107.5773444,119.60832707,131.59751622
7.8,83.4098101,95.45884346,107.58317631,119.57171644,131.56103468
7.9,83.44688022,95.53773035,107.56980111,119.58060543,131.554374
8.0,83.48745996,95.51005076,107.54823002,119.58023808,131.56776976
8.1,83.4652545,95.4807708,107.56276957,119.57838644,131.54334717
8.2,83.4311471,95.51853779,107.54231973,119.55572916,131.50949876
8.3,83.4426406,95.51467098,107.54615809,119.5383979,131.50528203
8.4,83.47753599,95.52743803,107.57779967,119.52868903,131.5047544
8.5,83.48913023,95.52221611,107.58213122,119.56812861,131.49862365
8.6,83.46902814,95.53697609,107.60894999,119.59625107,131.50203123
8.7,83.47159455,95.51082866,107.57463142,119.55870348,131.47446689
8.8,83.45622233,95.55578989,107.54816208,119.50218946,131.48175317
8.9,83.49107316,95.58117259,107.59718227,119.5371626,131.47898047
9.0,83.51817084,95.57960316,107.56345367,119.55532201,131.40778284
9.1,83.49554533,95.55968573,107.60650724,119.58915437,131.42640833
9.2,83.52534811,95.5711194,107.54124228,119.50251599,131.44021899
9.3,83.5280643,95.59663537,107.58974635,119.5252739,131.44900346
9.4,83.50041686,95.58271164,107.58400965,119.51265722,131.46441345
9.5,83.5477017,95.61023887,107.54130549,119.4875616,131.47280674
9.6,83.53940153,95.57834878,107.55085566,119.50331682,131.46454507
9.7,83.51227456,95.61511878,107.55332928,119.46391848,131.3972884
9.8,83.54004546,95.57324952,107.54184475,119.48911852,131.43208475
9.9,83.53687724,95.57372393,107.5507693,119.46973615,131.42055445
10.0,83.58390142,95.57568414,107.51486045,119.47925147,131.3674619
10.1,83.55827355,95.57793121,107.52408526,119.45027943,131.37870493
10.2,83.54433096,95.59742463,107.50450634,119.42911541,131.39897904
10.3,83.56929077,95.55462592,107.51677309,119.416965,131.39322217
10.4,83.56628348,95.54205539,107.52267294,119.43738358,131.47431033
10.5,83.58676352,95.52756748,107.48067985,119.45097216,131.44324185
10.6,83.54985902,95.56380057,107.47469612,119.44655302,131.4748168
10.7,83.55903,95.55187839,107.49654212,119.45996866,131.4448003
10.8,83.58148715,95.55304333,107.4833249,119.41429317,131.47470213
10.9,83.58594099,95.58133734,107.49554751,119.44147843,131.46452945
11.0,83.57483703,95.5275144,107.45000083,119.40357401,131.48899287
11.1,83.61561029,95.53631022,107.43886432,119.42919777,131.45530787
11.2,83.60149286,95.55277424,107.44489521,119.42885813,131.4818817
11.3,83.58316311,95.57131974,107.45488121,119.41752337,131.48770714
11.4,83.60018653,95.51258339,107.40391293,119.43159493,131.47608147
11.5,83.58397521,95.51643709,107.42562677,119.38983472,131.51234275
11.6,83.56625768,95.4947436,107.41338351,119.43938868,131.52169171
11.7,83.60823948,95.51888051,107.40099462,119.43444682,131.51880756
11.8,83.54058277,95.47477836,107.45721202,119.42953091,131.50285692
11.9,83.58157687,95.47828422,107.44706557,119.47899369,131.55071394
12.0,83.57345843,95.48581078,107.37289375,119.42726442,131.56300296
12.1,83.52845347,95.48025603,107.43589229,119.47133613,131.56152365
12.2,83.55049517,95.48309285,107.4194492,119.49596595,131.56280081
12.3,83.51395137,95.49872741,107.44028767,119.4860007,131.56938701
12.4,83.51953924,95.44846833,107.41348704,119.48900886,131.566241
12.5,83.55963674,95.4337831,107.41869479,119.49446402,131.56938467
12.6,83.52933573,95.48151355,107.41525056,119.48302827,131.53680596
12.7,83.55701928,95.46342272,107.41690728,119.54014991,131.58733567
12.8,83.5371277,95.46494353,107.4375692,119.52560996,131.57863275
12.9,83.51578868,95.42070818,107.40121061,119.53808456,131.59200932
13.0,83.55704091,95.42839398,107.46582496,119.48964444,131.58498897
13.1,83.54966329,95.43239394,107.45971464,119.53692204,131.55881627
13.2,83.4914373,95.42629755,107.48138238,119.54368363,131.58408724
13.3,83.52739849,95.43010267,107.47994632,119.52733511,131.56497825
13.4,83.52286538,95.44882196,107.47248824,119.56706816,131.57242652
13.5,83.48868436,95.43697397,107.46685941,119.53828658,131.58192291
13.6,83.51611041,95.42499116,107.40234148,119.56455525,131.5448185
13.7,83.4925646,95.47049159,107.44608752,119.59088695,131.54390337
13.8,83.47146339,95.43684278,107.49825852,119.58161318,131.50939876
13.9,83.48444429,95.39491123,107.49803374,119.53025319,131.50259712
14.0,83.46007094,95.45261774,107.48200082,119.55654215,131.52551961
14.1,83.44773161,95.43053416,107.5315631,119.58910333,131.50795217
14.2,83.46233558,95.43201894,107.49049723,119.62580735,131.53383287
14.3,83.45950966,95.44954397,107.5161371,119.57001824,131.49429162
14.4,83.47366491,95.44912657,107.53525832,119.56226932,131.48035977
14.5,83.44555125,95.41367886,107.49968052,119.57247703,131.45919198
14.6,83.41491598,95.44473441,107.53088114,119.59084915,131.48907374
14.7,83.42984736,95.42065429,107.57817353,119.56298651,131.47015761
14.8,83.40388125,95.47404763,107.56173107,119.56825943,131.43894594
14.9,83.41500956,95.45352562,107.55335611,119.56924023,131.41855561
15.0,83.41533175,95.43987126,107.55996256,119.53520133,131.41592343
15.1,83.46918586,95.47144358,107.58096624,119.52171633,131.44008916
15.2,83.39868713,95.44000307,107.58138828,119.53688063,131.43676545
15.3,83.40283341,95.48719808,107.59914356,119.4968859,131.482817
15.4,83.4247632,95.47689645,107.52560291,119.54095703,131.43302034
15.5,83.39258132,95.49426755,107.5905453,119.54455424,131.40484255
15.6,83.44513623,95.48261179,107.59439736,119.51201254,131.43778454
15.7,83.4131736,95.53254813,107.61287021,119.50820448,131.44735686
15.8,83.40476671,95.49617935,107.55990419,119.48513,131.39797394
15.9,83.36791815,95.50366328,107.54395834,119.46327959,131.39547612
16.0,83.38804411,95.55404084,107.61775937,119.5127858,131.45218458
16.1,83.42164572,95.50266877,107.59397709,119.49223961,131.43106058
16.2,83.42281137,95.53134372,107.55505463,119.46266898,131.42393988
16.3,83.43552192,95.54521679,107.54392892,119.472905,131.42076019
16.4,83.44645865,95.5272184,107.52543206,119.44014269,131.4890786
16.5,83.46244452,95.55179597,107.55266759,119.46266715,131.42432638
16.6,83.43761395,95.55165246,107.57154298,119.44778791,131.4529339
16.7,83.42872857,95.59298465,107.55696259,119.43134027,131.46170124
16.8,83.46744529,95.55162285,107.54622453,119.43894472,131.47208683
16.9,83.41246653,95.57320369,107.5396083,119.4372764,131.47342642
17.0,83.45196963,95.56506706,107.54801188,119.42417415,131.48333815
17.1,83.45568581,95.58893404,107.51006384,119.43599639,131.43589123
17.2,83.44813791,95.59505498,107.49736563,119.41878722,131.54212583
17.3,83.45033698,95.54621414,107.50660232,119.41476132,131.51863485
17.4,83.45613202,95.6139453,107.49990611,119.39545093,131.53244266
17.5,83.47238695,95.53276193,107.48270481,119.41502442,131.53762544
17.6,83.47054817,95.5639188,107.49281107,119.41479802,131.53746928
17.7,83.49793333,95.57478993,107.49994203,119.43864571,131.56135988
17.8,83.48940239,95.58016273,107.51212223,119.45763535,131.53903652
17.9,83.50070784,95.57039293,107.47148376,119.42322148,131.55408565
18.0,83.5087674,95.58004469,107.45595766,119.44032039,131.57997788
18.1,83.50916683,95.55947425,107.45448538,119.43400774,131.59746866
18.2,83.49043363,95.56824981,107.45112175,119.47165505,131.52530448
18.3,83.51414904,95.55736779,107.45043166,119.46489476,131.56979752
18.4,83.51532138,95.59330237,107.46579584,119.46383377,131.60713995
18.5,83.55869761,95.58794648,107.45853367,119.45593836,131.58280835
18.6,83.53558835,95.58506926,107.45095235,119.47227676,131.56902932
18.7,83.54401831,95.53593202,107.43339254,119.49380441,131.5719753
18.8,83.53077769,95.53685982,107.40835966,119.5222002,131.56449209
18.9,83.58061957,95.53336311,107.41399825,119.51403077,131.57354352
19.0,83.5643322,95.54049047,107.41128975,119.51674425,131.56264018
19.1,83.54586573,95.50591028,107.39736147,119.4979512,131.5542937
19.2,83.5915377,95.50069195,107.43615785,119.48932166,131.55294617
19.3,83.55820755,95.53322677,107.42593792,119.46734367,131.53349036
19.4,83.61656449,95.50645014,107.42736525,119.52972442,131.53361792
19.5,83.55519322,95.50527231,107.39482656,119.52458483,131.51230399
19.6,83.52948887,95.50756796,107.43706461,119.5632022,131.55737675
19.7,83.54407823,95.47519193,107.39731869,119.55796732,131.55626823
19.8,83.56665459,95.46123473,107.40190133,119.57654639,131.53803814
19.9,83.55479166,95.52229735,107.4293099,119.56957128,131.47847803
20.0,83.57979278,95.50287482,107.4559158,119.60188892,131.47594598
20.1,83.58659527,95.45325508,107.45378871,119.53981929,131.50654558
20.2,83.57011584,95.45913511,107.48086801,119.55513838,131.48295551
20.3,83.57014538,95.50220857,107.44181831,119.57315008,131.46892401
20.4,83.57644547,95.4215091,107.47840845,119.58250534,131.46608412
20.5,83.54119267,95.43201988,107.48654139,119.57059678,131.44764399
20.6,83.5738432,95.44304153,107.45354087,119.59117234,131.41660464
20.7,83.54823465,95.44032323,107.49063402,119.54101072,131.40386768
20.8,83.55642088,95.45506955,107.46787205,119.55504391,131.45601488
20.9,83.57318317,95.43542294,107.49936608,119.56732191,131.44314804
21.0,83.58344306,95.43586111,107.48663559,119.57377751,131.44863296
21.1,83.58234124,95.43800332,107.45581231,119.53465516,131.44729278
21.2,83.53196448,95.44187832,107.54022007,119.5568022,131.42735524
21.3,83.53874239,95.41443345,107.54470044,119.57341758,131.42802539
21.4,83.54737491,95.40773753,107.53385873,119.53101627,131.3883154
21.5,83.55281821,95.43913291,107.52979448,119.52604885,131.4073007
21.6,83.51654718,95.40702289,107.53691995,119.51469306,131.40372016
21.7,83.49194583,95.41080992,107.57085889,119.51451127,131.41335416
21.8,83.52949225,95.43983384,107.54608665,119.52052693,131.40397383
21.9,83.55148724,95.40844051,107.55792074,119.48938556,131.43906027
22.0,83.4982603,95.42391103,107.54638673,119.47178139,131.40885141
22.1,83.51451422,95.38573212,107.58390796,119.51979143,131.43780601
22.2,83.49033508,95.45034233,107.5508654,119.50686823,131.42045673
22.3,83.49901308,95.4357964,107.58036711,119.51428865,131.46938781
22.4,83.49550041,95.44959167,107.57935648,119.48773516,131.45778777
22.5,83.49131734,95.43083837,107.56192013,119.47548551,131.48395495
22.6,83.48323758,95.47342762,107.58536732,119.47024702,131.47627479
22.7,83.5015506,95.44068166,107.57450714,119.45402576,131.47330791
22.8,83.47535557,95.46318698,107.58450393,119.4444018,131.49601145
22.9,83.50120602,95.49000451,107.60017972,119.46028016,131.51654203
23.0,83.48880288,95.44748551,107.55251104,119.42238861,131.5292681
23.1,83.47675748,95.42641533,107.62263838,119.42148686,131.47862019
23.2,83.47581558,95.45707002,107.58274026,119.42323323,131.54366632
23.3,83.46236698,95.51339473,107.57508756,119.4554135,131.56573904
23.4,83.39151117,95.45842226,107.57287787,119.43548239,131.56165364
23.5,83.47258399,95.4897971,107.5628844,119.39406677,131.5968308
23.6,83.46620064,95.50469702,107.55671415,119.40321043,131.57483603
23.7,83.43854724,95.5013346,107.55886395,119.44714772,131.56388884
23.8,83.50238881,95.46555391,107.53637292,119.3903457,131.55445164
23.9,83.47669496,95.51316385,107.51448505,119.45848248,131.61250879
24.0,83.44695083,95.51785148,107.53193597,119.4400393,131.57842868
24.1,83.40280013,95.52390803,107.54386993,119.44009326,131.614291
24.2,83.43144775,95.54558637,107.51628143,119.4082151,131.55298191
24.3,83.38474568,95.55254078,107.5174626,119.435489,131.59552618
24.4,83.43817588,95.56673788,107.54779549,119.47720145,131.56739413
24.5,83.41418538,95.55385463,107.50699569,119.45111637,131.56667887
24.6,83.39243145,95.58637252,107.48773824,119.47415937,131.54784705
24.7,83.39965833,95.55989585,107.48097711,119.4660064,131.58211502
24.8,83.42439185,95.59565288,107.47918498,119.43376201,131.57275688
24.9,83.43045336,95.56667472,107.43862129,119.46465161,131.55957479
25.0,83.4343369,95.54941117,107.44470717,119.48022315,131.57444515
25.1,83.43758235,95.57885191,107.47076925,119.50551324,131.52406307
25.2,83.40123849,95.55452403,107.42669846,119.51470015,131.53882454
25.3,83.40468349,95.60579937,107.45569916,119.51555334,131.58110081
25.4,83.43388988,95.57285422,107.43781126,119.51970237,131.52687893
25.5,83.39533147,95.55099297,107.43151229,119.52939923,131.54904892
25.6,83.42675738,95.59005467,107.4404424,119.55744918,131.51238322
25.7,83.42458547,95.56435991,107.41314626,119.52353542,131.50381623
25.8,83.42582281,95.57062964,107.4080601,119.57608661,131.49003964
25.9,83.43922847,95.57233228,107.41396081,119.56996209,131.49308293
26.0,83.43273129,95.59050539,107.40946986,119.53934508,131.4535403
26.1,83.46487717,95.58071273,107.40377333,119.5736947,131.45623765
26.2,83.45839712,95.56978801,107.40933286,119.55125491,131.50737676
26.3,83.46977756,95.59023347,107.42217997,119.55596007,131.49887183
26.4,83.4852669,95.56002862,107.4417901,119.60851369,131.46985314
26.5,83.47550405,95.56997464,107.41181098,119.61706755,131.46582195
26.6,83.4481253,95.57966772,107.44739362,119.60747389,131.41829924
26.7,83.5038215,95.53293325,107.44977777,119.57577427,131.44904544
26.8,83.47706785,95.55682727,107.41757615,119.54181474,131.42271752
26.9,83.53779264,95.51957454,107.45953643,119.57038171,131.39630235
27.0,83.51321541,95.53868661,107.43859117,119.54762031,131.44316556
27.1,83.48321148,95.53557293,107.46228462,119.57154995,131.43832502
27.2,83.52700891,95.52061431,107.47762119,119.5292757,131.41023527
27.3,83.5253109,95.53417772,107.46792999,119.57138256,131.38475112
27.4,83.50730488,95.53106435,107.4844376,119.54291374,131.44682606
27.5,83.52000209,95.49776914,107.51472086,119.5208278,131.44788007
27.6,83.53445091,95.51436117,107.47888656,119.54386148,131.45250474
27.7,83.52434528,95.47600524,107.50558378,119.55338344,131.41619947
27.8,83.55239434,95.42917682,107.46293612,119.57146267,131.41525174
27.9,83.55443518,95.47909681,107.53226777,119.52291911,131.47566446
28.0,83.54714797,95.47935714,107.50163721,119.57097267,131.43872762
28.1,83.56016405,95.4525537,107.48483853,119.54560248,131.52118745
28.2,83.55850097,95.46547255,107.53206524,119.54027247,131.47499741
28.3,83.54263375,95.4578772,107.49521234,119.48174437,131.48838544
28.4,83.57827218,95.44323495,107.52097592,119.49310778,131.46667347
28.5,83.59620145,95.44320125,107.53942647,119.48129049,131.52573707
28.6,83.54160436,95.44308273,107.53282238,119.47089588,131.49847401
28.7,83.58046914,95.43262653,107.56427772,119.4578177,131.53583198
28.8,83.52817497,95.43954858,107.53831354,119.45400615,131.51236043
28.9,83.55732922,95.42560141,107.57603236,119.44699929,131.55015567
29.0,83.562118,95.45055906,107.53484303,119.45888056,131.50240951
29.1,83.60303759,95.42721406,107.57545641,119.44281946,131.49752815
29.2,83.58036468,95.43472611,107.58236313,119.43872236,131.59224406
29.3,83.58601702,95.42186051,107.57094545,119.45794184,131.55440435
29.4,83.54982773,95.46218777,107.57547613,119.42363215,131.58320621
29.5,83.55073364,95.43127393,107.55375849,119.39530855,131.55133295
29.6,83.59247027,95.41426094,107.55935777,119.45318032,131.5420321
29.7,83.59902575,95.40187486,107.59165211,119.38488621,131.57496632
29.8,83.55708367,95.40641941,107.59618346,119.39810634,131.58879256
29.9,83.56357052,95.44916994,107.57084858,119.4201451,131.59102283
30.0,83.58776836,95.44833581,107.55757086,119.42081747,131.61216558
30.1,83.54502397,95.41612732,107.58043088,119.43465518,131.57804474
30.2,83.58618228,95.44419295,107.57693981,119.42890974,131.59132889
30.3,83.58221181,95.40996512,107.52960357,119.42233826,131.58424622
30.4,83.54719174,95.4378568,107.56167473,119.39594047,131.58093311
30.5,83.56048799,95.49788017,107.55750556,119.43457462,131.55803805
30.6,83.49555979,95.44953648,107.58839034,119.40198919,131.58442035
30.7,83.51953632,95.45867399,107.55542316,119.43360246,131.55445683
30.8,83.51118678,95.45549998,107.52335122,119.44776692,131.57005903
30.9,83.51599465,95.46021879,107.54368951,119.46515105,131.53010977
31.0,83.49284642,95.45387456,107.5503886,119.43255789,131.5372042
31.1,83.50669421,95.4610048,107.54075968,119.43251142,131.54017248
31.2,83.48289024,95.45645016,107.54176487,119.46298834,131.52125031
31.3,83.49689743,95.4886456,107.47562571,119.49071911,131.49453352
31.4,83.52485833,95.48418799,107.49225774,119.53213631,131.47020975
31.5,83.51247277,95.51354059,107.48742609,119.5338887,131.46824461
31.6,83.48673418,95.49208417,107.47375783,119.5371064,131.48335693
31.7,83.47931857,95.53333596,107.49039683,119.54081494,131.46559743
31.8,83.45530325,95.51686583,107.45355424,119.5089739,131.45041022
31.9,83.43931468,95.52231888,107.46897326,119.56152256,131.46290188
32.0,83.45252386,95.5692756,107.47343096,119.55734373,131.46799442
32.1,83.47616082,95.53829256,107.46537221,119.55332879,131.4556416
32.2,83.44681218,95.55506599,107.4510723,119.52895661,131.36075434
32.3,83.45995062,95.5386335,107.46119682,119.52338652,131.44146807
32.4,83.45529142,95.56728376,107.42659041,119.58513607,131.43186092
32.5,83.42727577,95.56080836,107.41638036,119.56817347,131.43671517
32.6,83.45332391,95.57633005,107.44640359,119.56516502,131.43624945
32.7,83.41856398,95.58007837,107.42638637,119.59876015,131.43419536
32.8,83.43011038,95.59126725,107.43390171,119.55598814,131.40912209
32.9,83.41809566,95.55631241,107.44829626,119.56649162,131.39530011
33.0,83.47484233,95.61889163,107.40854911,119.54274303,131.4381288
33.1,83.41863095,95.56675934,107.43719406,119.55294488,131.39510581
33.2,83.40978228,95.57844288,107.39861134,119.57814024,131.44839374
33.3,83.41175338,95.57750983,107.4392231,119.56935044,131.43966739
33.4,83.42423131,95.56011276,107.40437657,119.60178128,131.45835117
33.5,83.41950982,95.56916744,107.45359604,119.53386726,131.43210231
33.6,83.44121744,95.57527572,107.41453171,119.57741118,131.48003073
33.7,83.41003647,95.5546773,107.445088,119.57904902,131.44647771
33.8,83.42799319,95.59713596,107.42818282,119.53135777,131.47068671
33.9,83.4431381,95.53772351,107.4719498,119.55989948,131.49734495
34.0,83.42297554,95.60559891,107.42528846,119.5528923,131.4512281
34.1,83.45660082,95.57962727,107.41821328,119.50835403,131.48275522
34.2,83.38576847,95.57005765,107.44145042,119.54913538,131.48755161
34.3,83.43635328,95.56548204,107.46427957,119.48487314,131.4854763
34.4,83.4107402,95.52624131,107.43284372,119.51021106,131.49172893
34.5,83.45039093,95.51731991,107.46788295,119.48411582,131.52206733
34.6,83.44162212,95.52852622,107.49154719,119.50388431,131.56293435
34.7,83.39358565,95.50469503,107.47058501,119.50804254,131.52863072
34.8,83.4756808,95.5205411,107.50416482,119.47674827,131.5361369
34.9,83.44586733,95.5421943,107.48873195,119.45953799,131.57625426
35.0,83.44348346,95.5055661,107.50395355,119.44593393,131.51998505
35.1,83.49580355,95.53104748,107.50110411,119.45633128,131.5692261
35.2,83.46011862,95.50848623,107.52423687,119.47806241,131.56061092
35.3,83.46599787,95.4877364,107.53042179,119.45201772,131.53140424
35.4,83.44838471,95.46385985,107.52030948,119.45580567,131.57808666
35.5,83.52353051,95.49109963,107.54202872,119.43949399,131.56166674
35.6,83.4677531,95.50467037,107.56125592,119.43251922,131.59729507
35.7,83.47107237,95.43357329,107.58018549,119.45653258,131.55165315
35.8,83.49872756,95.45271837,107.55884674,119.4233551,131.59963878
35.9,83.47976225,95.47379672,107.54824641,119.42423898,131.5671262
36.0,83.52844891,95.47746388,107.580589,119.45652313,131.60082849
36.1,83.50308256,95.45970695,107.58202033,119.41052417,131.57942279
36.2,83.55011835,95.44901512,107.56303159,119.41793257,131.59037356
36.3,83.53227597,95.4480033,107.58234377,119.42410182,131.55460652
36.4,83.51661976,95.43897259,107.61717039,119.40596022,131.53778271
36.5,83.51156612,95.44484505,107.59448121,119.40574889,131.51940712
36.6,83.51031855,95.39028921,107.57878781,119.43738163,131.52296238
36.7,83.55131933,95.46980246,107.54529101,119.41774051,131.51457492
36.8,83.53054529,95.44753468,107.58517993,119.4580439,131.54575563
36.9,83.56427441,95.44150061,107.55701688,119.42751533,131.52391003
37.0,83.53861489,95.41817152,107.56865814,119.44554372,131.52349371
37.1,83.56156752,95.41269291,107.58555926,119.45018115,131.51915741
37.2,83.59699589,95.40958233,107.53254465,119.45856458,131.47620474
37.3,83.56780843,95.42093216,107.5642875,119.48392843,131.45280034
37.4,83.59458598,95.40731646,107.57291077,119.47934796,131.48787073
37.5,83.57830614,95.3851686,107.5501094,119.48850844,131.48656444
37.6,83.59864951,95.45332486,107.54878405,119.47696615,131.44388405
37.7,83.6024552,95.46032626,107.56641016,119.49477156,131.43537777
37.8,83.57761439,95.420131,107.5424345,119.47796983,131.41516759
37.9,83.61837188,95.40712344,107.52489667,119.53675585,131.48168576
38.0,83.59501255,95.44459227,107.55885849,119.52438557,131.43781919
38.1,83.54346973,95.41307141,107.51416977,119.51931833,131.44793625
38.2,83.57713708,95.4370681,107.49326662,119.58311386,131.41377688
38.3,83.59178211,95.43314328,107.49288707,119.56031228,131.39798927
38.4,83.58202697,95.44062973,107.52057087,119.56786876,131.42404709
38.5,83.58697093,95.42687307,107.49848038,119.58843266,131.42811258
38.6,83.5591212,95.46734493,107.45266609,119.52857545,131.44083264
38.7,83.56597936,95.50105652,107.49386759,119.57402571,131.40966304
38.8,83.57892426,95.48317156,107.48357274,119.58663523,131.47435745
38.9,83.57062677,95.43980223,107.45549228,119.57370754,131.41747745
39.0,83.5042503,95.45907718,107.4769362,119.55379141,131.45790885
39.1,83.5459724,95.50935677,107.44309937,119.59707649,131.4782845
39.2,83.57119167,95.53497,107.42591376,119.58168356,131.45318626
39.3,83.55492618,95.49038996,107.42373961,119.57149646,131.44320933
39.4,83.56643337,95.51000083,107.43924494,119.60787657,131.49691656
39.5,83.55288447,95.52098853,107.43118645,119.59647015,131.48405413
39.6,83.52811044,95.52794143,107.41809702,119.56654964,131.45600625
39.7,83.53241504,95.53066358,107.43634867,119.57746699,131.46287501
39.8,83.53814416,95.5483147,107.45928158,119.57671641,131.48622724
39.9,83.52990016,95.52738812,107.41253933,119.55867023,131.52720821
40.0,83.52519168,95.52238734,107.44635577,119.53869861,131.55290465
40.1,83.52046059,95.56002139,107.40506203,119.54199236,131.56164085
40.2,83.54200006,95.53088045,107.37952097,119.50892123,131.50119554
40.3,83.50087916,95.5571178,107.43103134,119.51291057,131.50922292
40.4,83.46787284,95.56501041,107.42847702,119.51027562,131.52829657
40.5,83.51103163,95.63759874,107.41767877,119.54934546,131.51602553
40.6,83.49569737,95.62215823,107.4437565,119.50182928,131.54953399
40.7,83.43762103,95.60604081,107.417535,119.52319337,131.53703821
40.8,83.46938368,95.57444599,107.43178896,119.53102388,131.55684759
40.9,83.47719457,95.59703372,107.45430449,119.52070442,131.54768944
41.0,83.49237211,95.56083771,107.43934289,119.50213557,131.60383179
41.1,83.43861183,95.59103778,107.45307165,119.46072902,131.53962176
41.2,83.44151528,95.59077324,107.49644403,119.48547426,131.59487192
41.3,83.46164048,95.55863086,107.44811634,119.45197214,131.58909954
41.4,83.42990073,95.54849918,107.45802194,119.45213992,131.5579927
41.5,83.47248007,95.5884165,107.45982999,119.45364488,131.57263191
41.6,83.42702483,95.55018731,107.44838488,119.46548122,131.57545282
41.7,83.45129547,95.58597179,107.50208085,119.43295207,131.57339969
41.8,83.41371801,95.51827388,107.47741444,119.44825,131.55819103
41.9,83.40514817,95.56855021,107.5024835,119.39715745,131.55194449
42.0,83.38076661,95.59131767,107.49829919,119.45259969,131.61057615
42.1,83.37956381,95.52627985,107.54091576,119.40242005,131.54300271
42.2,83.39139544,95.53150901,107.48674231,119.4063071,131.57042761
42.3,83.39407035,95.56643874,107.5216086,119.42473556,131.53682875
42.4,83.40722732,95.57957616,107.49164533,119.42405579,131.56614486
42.5,83.43739518,95.5239178,107.53209851,119.41750883,131.51779361
42.6,83.4138091,95.51072336,107.55298462,119.43108757,131.4937396
42.7,83.42343448,95.51790288,107.57993465,119.41747288,131.51843716
42.8,83.39294414,95.49701086,107.5354279,119.45111857,131.51971088
42.9,83.44665089,95.55745359,107.5826425,119.43278767,131.52274461
43.0,83.44183991,95.51347148,107.5693276,119.44849754,131.50761026
43.1,83.41502993,95.51673681,107.58437253,119.43172566,131.49050566
43.2,83.40086088,95.48795675,107.54627411,119.44310256,131.47104427
43.3,83.42079891,95.49073192,107.56374677,119.45074988,131.48055928
43.4,83.44984434,95.47552917,107.58398712,119.46238949,131.44277724
43.5,83.43198809,95.48392194,107.58809658,119.45066686,131.43541244
43.6,83.41866334,95.46136025,107.56477831,119.44293608,131.42670394
43.7,83.4433224,95.46876866,107.60070356,119.49392808,131.46834364
43.8,83.44463943,95.48140711,107.57323762,119.45762449,131.47264884
43.9,83.45717749,95.49008858,107.61383329,119.47885923,131.4113058
44.0,83.45093115,95.45986523,107.61485329,119.52072967,131.41113566
44.1,83.45304669,95.45267427,107.56800639,119.532148,131.41226729
44.2,83.46725739,95.41507823,107.57590409,119.5418025,131.40190866
44.3,83.45818815,95.44138078,107.5992152,119.56543941,131.45207408
44.4,83.45219086,95.46074775,107.57086787,119.51449288,131.39376604
44.5,83.4395436,95.42600786,107.5259338,119.53053699,131.41607796
44.6,83.51536582,95.41999802,107.54183462,119.54907513,131.43469397
44.7,83.48834838,95.42261088,107.52676425,119.57180614,131.42576875
44.8,83.48339742,95.41521523,107.5159874,119.57935717,131.458315
44.9,83.48254416,95.44720284,107.51925273,119.57610813,131.43525819
45.0,83.50180634,95.42791312,107.53883072,119.5863372,131.45761772
45.1,83.50285715,95.43370974,107.47714305,119.56402266,131.46038644
45.2,83.55883741,95.41540163,107.51297291,119.57502788,131.45014479
45.3,83.51404883,95.42372835,107.52502824,119.5216643,131.42938743
45.4,83.53593248,95.38966434,107.49092361,119.58134229,131.47372709
45.5,83.52599506,95.43923017,107.45055443,119.57804365,131.48343099
45.6,83.51736399,95.42525713,107.48770605,119.59305062,131.51587836
45.7,83.53649791,95.4492484,107.49392694,119.53431957,131.51048138
45.8,83.58617115,95.42410024,107.49967373,119.5690548,131.51930659
45.9,83.53976805,95.42337587,107.49022708,119.58853541,131.5351925
46.0,83.55952361,95.42698662,107.47973375,119.56018031,131.52612973
46.1,83.54853503,95.48603407,107.43788591,119.57312547,131.51921706
46.2,83.56417201,95.42387497,107.45300245,119.56124105,131.5166575
46.3,83.55706443,95.38500752,107.42930451,119.5425133,131.52910996
46.4,83.53813195,95.44345102,107.45657496,119.53908884,131.58457262
46.5,83.59592844,95.4628547,107.43854088,119.55708077,131.52611848
46.6,83.53074882,95.46898338,107.46083294,119.51541337,131.55934044
46.7,83.59909199,95.49402075,107.43459934,119.5271146,131.56588114
46.8,83.58460992,95.50002172,107.45467715,119.5247153,131.59607559
46.9,83.58562928,95.50426986,107.46249209,119.52583453,131.56195627
47.0,83.56885507,95.4946027,107.42574362,119.50695595,131.5860525
47.1,83.54897187,95.50457726,107.41289517,119.55050537,131.59019487
47.2,83.54970264,95.4760487,107.42741595,119.49140763,131.5981685
47.3,83.58757104,95.49131203,107.39903447,119.49538733,131.56757576
47.4,83.58588296,95.51095726,107.41247347,119.51230722,131.56650254
47.5,83.5876793,95.5045728,107.42212237,119.46679356,131.55666485
47.6,83.5568519,95.54291279,107.43450175,119.48746361,131.56663822
47.7,83.53444361,95.51484107,107.45760135,119.47604581,131.58522356
47.8,83.54046235,95.5307563,107.45193726,119.45568737,131.53942272
47.9,83.52849372,95.56267068,107.42305935,119.43475867,131.55029976
48.0,83.58547857,95.57421611,107.44777398,119.40639685,131.53094305
48.1,83.54577406,95.56161508,107.4871227,119.4532221,131.55350056
48.2,83.54200819,95.5638289,107.44465322,119.43738903,131.54130504
48.3,83.58558115,95.56546925,107.4522856,119.43784873,131.48300541
48.4,83.56221213,95.54096932,107.47791053,119.41773627,131.52494644
48.5,83.56213239,95.59362711,107.45780114,119.44272999,131.49544899
48.6,83.51805743,95.54881479,107.47695737,119.42435105,131.47727367
48.7,83.52366293,95.57603077,107.47601203,119.42315701,131.44890262
48.8,83.50035751,95.58491084,107.52636986,119.40755886,131.43827842
48.9,83.51739533,95.5705485,107.5062311,119.41880683,131.47608115
49.0,83.50671042,95.55019173,107.50883082,119.43287927,131.4878677
49.1,83.48138214,95.57392451,107.51279704,119.44247562,131.46917351
49.2,83.52593583,95.56717648,107.51601711,119.42660447,131.42798521
49.3,83.49911207,95.56934643,107.53076202,119.44222759,131.43914194
49.4,83.47756593,95.56596013,107.54021604,119.46136593,131.43165694
49.5,83.46447942,95.6242974,107.54523608,119.45902718,131.43030573
49.6,83.48848733,95.56430774,107.55635725,119.46291928,131.4103962
49.7,83.48699872,95.58549855,107.56891756,119.46278873,131.43006784
49.8,83.47005973,95.55673365,107.56732912,119.50688196,131.38249632
49.9,83.48888625,95.60016581,107.56693582,119.48331764,131.43762229
50.0,83.44701378,95.56541231,107.58080699,119.47564208,131.4238671
50.1,83.45768651,95.5739236,107.5746128,119.47730939,131.44502473
50.2,83.44006894,95.54482284,107.58940375,119.49192361,131.43326074
50.3,83.47126149,95.55571899,107.57432797,119.52883712,131.41799179
50.4,83.47205881,95.52344359,107.58078322,119.51151876,131.42020633
50.5,83.41301312,95.52348587,107.59156821,119.54392395,131.42816474
50.6,83.45324806,95.54300019,107.5921553,119.53139628,131.4461486
50.7,83.45604386,95.5194309,107.58020121,119.50502692,131.45084338
50.8,83.44608511,95.506431,107.58702807,119.52134986,131.43699689
50.9,83.41544466,95.51506545,107.57498776,119.52991263,131.44146086
51.0,83.40447849,95.48021773,107.57109234,119.55601033,131.43942783
51.1,83.43598919,95.50687799,107.59484323,119.55957285,131.47910541
51.2,83.40881906,95.51930108,107.56579718,119.56844544,131.46836733
51.3,83.41465173,95.52499037,107.57868474,119.59615142,131.49228804
51.4,83.43901218,95.43701884,107.56983318,119.58088924,131.51490505
51.5,83.42286886,95.4793902,107.55449831,119.56685771,131.50774399
51.6,83.47583538,95.47814234,107.54217449,119.54945314,131.5206487
51.7,83.4291873,95.44280912,107.55145368,119.59106558,131.56055521
51.8,83.43153572,95.46914695,107.54545377,119.5617636,131.54408307
51.9,83.41933798,95.42311853,107.53566463,119.58288532,131.55096351
52.0,83.39787306,95.4164559,107.54273096,119.60229751,131.53430808
52.1,83.43289319,95.43279408,107.52311248,119.57158652,131.5782361
52.2,83.41263398,95.43469129,107.50624964,119.56370226,131.57910166
52.3,83.43831352,95.41995183,107.52714869,119.58477461,131.60087048
52.4,83.45763323,95.42491316,107.50705023,119.57584985,131.57051036
52.5,83.47716227,95.43867847,107.49087089,119.55017152,131.58654503
52.6,83.43709381,95.44943959,107.47072376,119.50158107,131.61026229
52.7,83.47471193,95.38312906,107.46960071,119.54447319,131.59098233
52.8,83.46858793,95.43315619,107.45903708,119.53815317,131.55587036
52.9,83.45383557,95.42457,107.44313938,119.54358052,131.55985785
53.0,83.47344456,95.38617704,107.41723648,119.5161179,131.57818599
53.1,83.46660621,95.42163102,107.45823913,119.5276436,131.58234443
53.2,83.45533522,95.39854654,107.46306125,119.52038014,131.59648504
53.3,83.47045209,95.46061994,107.44660644,119.5048326,131.59588722
53.4,83.47156566,95.43888325,107.46291831,119.51868164,131.53771611
53.5,83.47333094,95.39980762,107.41453194,119.49730218,131.53851976
53.6,83.48969227,95.4624273,107.40203745,119.47657609,131.52718375
53.7,83.49821324,95.4444139,107.4126614,119.49674979,131.52030302
53.8,83.48356921,95.41534887,107.40835593,119.47914608,131.5217583
53.9,83.48184224,95.44824913,107.41963666,119.4531406,131.52162729
54.0,83.51835466,95.43937814,107.44994724,119.45679976,131.52403754
54.1,83.50616594,95.48635362,107.37075358,119.42579811,131.49466621
54.2,83.54966421,95.45133921,107.37958828,119.40947983,131.49905902
54.3,83.5057963,95.43814193,107.4417431,119.4329426,131.52442126
54.4,83.53236225,95.46842692,107.43943659,119.38924006,131.49698159
54.5,83.55780833,95.47262951,107.44512693,119.39944569,131.48681139
54.6,83.54429372,95.47112586,107.44701402,119.41551371,131.45437467
54.7,83.55322457,95.46842541,107.43464606,119.4257064,131.47165726
54.8,83.51077783,95.47926561,107.44890983,119.36430813,131.45489673
54.9,83.5419472,95.48595449,107.42732753,119.42855741,131.45731329
55.0,83.57088349,95.50267685,107.478982,119.42418932,131.39404989
55.1,83.54308847,95.54032069,107.44643437,119.40011208,131.42847894
55.2,83.54738368,95.51748001,107.43388412,119.42872938,131.47168726
55.3,83.56732285,95.55697592,107.46760454,119.4063375,131.43749638
55.4,83.5650348,95.53736599,107.47406708,119.40904905,131.45632037
55.5,83.55731955,95.5272532,107.44930583,119.43765584,131.41650081
55.6,83.56875852,95.52049671,107.48302932,119.44064221,131.43067596
55.7,83.5437669,95.54780977,107.51251207,119.42470962,131.38875924
55.8,83.56527751,95.56670621,107.49547439,119.46398579,131.45048924
55.9,83.56695744,95.56302392,107.53785623,119.4166883,131.41602498
56.0,83.57723793,95.57160466,107.51599171,119.44252651,131.42286209
56.1,83.57356183,95.56521111,107.51714543,119.4739429,131.42044237
56.2,83.57626121,95.57401343,107.53281082,119.45651819,131.42527829
56.3,83.59005774,95.56060754,107.52527288,119.46314505,131.43367211
56.4,83.56529914,95.61037669,107.52345144,119.47747366,131.45372862
56.5,83.58555888,95.58893315,107.55371822,119.50063727,131.43848292
56.6,83.58000093,95.5738695,107.57367855,119.51687376,131.47228616
56.7,83.57343051,95.59414926,107.54905345,119.51620634,131.44448602
56.8,83.55637429,95.58366787,107.57067729,119.52830498,131.49017185
56.9,83.55188516,95.60202401,107.57901049,119.50185558,131.47875998
57.0,83.55923219,95.61968163,107.59859386,119.54261096,131.4928773
57.1,83.57590868,95.56626011,107.58559743,119.54126244,131.51528536
57.2,83.52563106,95.58105664,107.59851932,119.53709739,131.51863208
57.3,83.53673663,95.57364588,107.54556244,119.57208469,131.48899479
57.4,83.56170664,95.56217783,107.55345783,119.5676062,131.52005625
57.5,83.51957783,95.57670876,107.5909097,119.56864315,131.53672639
57.6,83.53705169,95.5704124,107.60068783,119.56440572,131.50865775
57.7,83.494344,95.59029134,107.58420128,119.55150692,131.55871937
57.8,83.51514725,95.58052633,107.57311918,119.5654509,131.56760148
57.9,83.51933631,95.55294533,107.57695917,119.62938252,131.57428379
58.0,83.53056945,95.56272062,107.56312692,119.55881464,131.59139898
58.1,83.54660601,95.5757031,107.58978255,119.60151417,131.55326946
58.2,83.49937913,95.54335526,107.57479583,119.55517868,131.55164672
58.3,83.50784402,95.55138034,107.54090502,119.5450402,131.58531227
58.4,83.52583977,95.54861991,107.55814904,119.56707987,131.56456859
58.5,83.49117442,95.52065275,107.57418489,119.57705737,131.59074987
58.6,83.48692273,95.52027531,107.54625022,119.5413796,131.59156866
58.7,83.44850689,95.58072796,107.54326101,119.55010906,131.58792842
58.8,83.45397189,95.5322785,107.57621136,119.57940704,131.5651503
58.9,83.45685457,95.55642069,107.52947074,119.54156817,131.59440112
59.0,83.48783021,95.5073466,107.50156421,119.55099751,131.58268463
59.1,83.45534274,95.50856414,107.50659809,119.56470073,131.57160648
59.2,83.46545382,95.49538657,107.51315839,119.55249649,131.51219971
59.3,83.43678585,95.47451147,107.49350772,119.53273026,131.54525933
59.4,83.45507089,95.46381224,107.55414362,119.48343354,131.53191888
59.5,83.40683965,95.44041493,107.47880206,119.46652578,131.53155924
59.6,83.46423593,95.47656001,107.47564946,119.50286909,131.50447036
59.7,83.46353853,95.46531767,107.45962294,119.49048553,131.53577395
59.8,83.40512693,95.44296738,107.48412216,119.49108116,131.5329915
59.9,83.43104914,95.46925194,107.46906401,119.48480635,131.49500024
60.0,83.43904047,95.46125357,107.48927267,119.49045605,131.47844592
60.1,83.40555098,95.43518114,107.44802268,119.51017579,131.49461817
60.2,83.39996197,95.40843355,107.44848877,119.4479468,131.44905224
60.3,83.44311901,95.44961093,107.4056263,119.48746622,131.47183458
60.4,83.39301818,95.4260018,107.41380411,119.46567895,131.48646217
60.5,83.4168013,95.42846467,107.44728782,119.45913734,131.49158408
60.6,83.42622724,95.41891412,107.43498496,119.40550387,131.45254011
60.7,83.43134023,95.40013475,107.41994053,119.47096142,131.45736546
60.8,83.42490272,95.40799919,107.42995729,119.41849613,131.46864522
60.9,83.41299227,95.41457296,107.41773075,119.417284,131.44592112
61.0,83.4110497,95.41486446,107.43143127,119.40642776,131.45162411
61.1,83.41870121,95.39048212,107.41330067,119.40942609,131.44253034
61.2,83.44545043,95.39817222,107.43840113,119.37515468,131.42140267
61.3,83.45895636,95.41711649,107.3846972,119.43941227,131.39690623
61.4,83.42943867,95.4081733,107.45012214,119.43444991,131.43128968
61.5,83.45121194,95.4041875,107.44374787,119.43246083,131.39585712
61.6,83.42957456,95.43142755,107.43402328,119.42762353,131.46841384
61.7,83.44409396,95.45222737,107.42016261,119.4135507,131.43704774
61.8,83.43544328,95.4378725,107.42655265,119.44304753,131.41968106
61.9,83.43373825,95.43496136,107.4445438,119.44561138,131.47009448
62.0,83.43031471,95.43131792,107.44424103,119.43502075,131.43194114
62.1,83.49446231,95.49105396,107.43765246,119.43010461,131.40709379
62.2,83.44984604,95.48115603,107.44087405,119.45527291,131.40787181
62.3,83.44862441,95.4547818,107.43746558,119.45526272,131.46893843
62.4,83.45132524,95.50565382,107.46770638,119.48460364,131.47414958
62.5,83.48453517,95.49725405,107.46999585,119.47415331,131.46634037
62.6,83.46789788,95.52783227,107.44087014,119.48944173,131.49656229
62.7,83.48516874,95.48843839,107.4904884,119.50412351,131.49844995
62.8,83.49434588,95.49272484,107.52376223,119.49689498,131.49441995
62.9,83.49035134,95.50538841,107.52616007,119.52256937,131.48465257
63.0,83.49924363,95.49073151,107.52221053,119.5118584,131.51134239
63.1,83.48559557,95.5125418,107.52207128,119.54080447,131.51326553
63.2,83.52587624,95.53050414,107.5453496,119.51573124,131.54990415
63.3,83.51396376,95.51480359,107.51357959,119.54168843,131.53799486
63.4,83.51900765,95.52172497,107.52834656,119.57594948,131.56101562
63.5,83.56386744,95.51460576,107.54177404,119.53601118,131.55286641
63.6,83.51849098,95.57931818,107.55487377,119.54682478,131.58256755
63.7,83.54138187,95.53470394,107.54967601,119.54263172,131.56509722
63.8,83.53243343,95.55009368,107.5480226,119.55467416,131.58730861
63.9,83.57234653,95.576354,107.56565293,119.56688652,131.57626683
64.0,83.61281215,95.60282769,107.57024628,119.59220788,131.55336438
64.1,83.55868507,95.55037444,107.56235893,119.55851391,131.58356357
64.2,83.57113589,95.54833877,107.61400399,119.61828723,131.5716301
64.3,83.56628974,95.56519588,107.59891549,119.56953194,131.60019235
64.4,83.58212602,95.54695946,107.55704332,119.58506512,131.5983254
64.5,83.56278478,95.58730923,107.55226725,119.54124551,131.57311433
64.6,83.58731532,95.59248281,107.58669572,119.54507728,131.59444244
64.7,83.56311963,95.57182491,107.59288468,119.57734506,131.55970939
64.8,83.5533646,95.57390952,107.54933426,119.52596267,131.53099544
64.9,83.5934038,95.58247128,107.56481003,119.58439416,131.54980427
65.0,83.55244141,95.58937465,107.58266164,119.55808522,131.52311287
65.1,84.29311057,95.05102804,108.0642717,119.12406953,131.94222156
65.2,84.9319971,94.49282306,108.50311802,118.71249576,132.30679996
65.3,85.5544887,94.00095566,108.93077502,118.27909061,132.7141631
65.4,86.1507072,93.47237845,109.36027447,117.85808583,133.11053254
65.5,86.7236395,92.98650019,109.81108376,117.45819047,133.44235645
65.6,87.27859238,92.51259861,110.21909405,117.01917628,133.82415757
65.7,87.79724452,92.05531795,110.64568966,116.67577954,134.16337067
65.8,88.23416439,91.61775546,111.04329811,116.28864253,134.56355465
65.9,88.69052576,91.22549785,111.39702283,115.9212611,134.80999159
66.0,89.14060926,90.83411145,111.77803045,115.54960489,135.1947202
66.1,89.57552418,90.38096287,112.13221873,115.1550806,135.5122688
66.2,89.94087889,90.05847007,112.47181018,114.8029127,135.8637886
66.3,90.32769055,89.68108099,112.86374475,114.51545245,136.20911727
66.4,90.65716843,89.27514789,113.20660436,114.14595525,136.49473595
66.5,91.00094277,88.95437431,113.5159921,113.82985153,136.83711871
66.6,91.33292526,88.57730531,113.86331873,113.52099444,137.12339995
66.7,91.64687846,88.24229393,114.1622783,113.16850713,137.42795371
66.8,91.96100065,87.93812778,114.45503549,112.86931541,137.73082364
66.9,92.20116802,87.61612693,114.75202012,112.4880586,138.03661366
67.0,92.44878864,87.34284578,115.03975753,112.264361,138.35032962
67.1,92.75565828,87.07247794,115.33960654,111.94891607,138.5984097
67.2,92.96105051,86.77994471,115.6017616,111.6339379,138.89419141
67.3,93.21391693,86.50932889,115.87720216,111.37770333,139.21470853
67.4,93.38097223,86.2777592,116.11557633,111.07939755,139.44819048
67.5,93.61959316,85.99359086,116.38837917,110.80906294,139.6941019
67.6,93.81857309,85.74148213,116.64458028,110.57523279,140.00190728
67.7,93.97569408,85.5074835,116.88784349,110.29391025,140.28398785
67.8,94.15664761,85.29060983,117.12490727,110.05046387,140.50672932
67.9,94.31748782,85.05417321,117.34980308,109.80783135,140.79902025
68.0,94.4448401,84.87453616,117.5671707,109.57881036,141.04164909
68.1,94.62773759,84.6911973,117.81825511,109.36508933,141.26796115
68.2,94.79245017,84.50469878,118.03521072,109.1388501,141.54071739
68.3,94.88495591,84.27664602,118.21605603,108.89360071,141.78748627
68.4,95.06552081,84.08162278,118.43469091,108.65812291,142.02636517
68.5,95.16962597,83.9071466,118.66672343,108.47891161,142.29920059
68.6,95.26784637,83.69472111,118.88539605,108.27353495,142.50899493
68.7,95.3622711,83.56642539,119.06800272,108.06087117,142.72420688
68.8,95.49758561,83.41479665,119.25669473,107.85788184,142.96301271
68.9,95.57851921,83.28450815,119.44498574,107.66312011,143.21922905
69.0,95.6957972,83.07931596,119.58337705,107.49569775,143.38349386
69.1,95.73345099,82.95542363,119.80881221,107.31157965,143.60837988
69.2,95.85323928,82.8149044,120.00835629,107.10850842,143.83813329
69.3,95.91794031,82.67449072,120.15597354,106.92527965,144.01666336
69.4,96.02521911,82.58229517,120.34369453,106.77250718,144.21989128
69.5,96.11995618,82.44587721,120.53265554,106.61450622,144.41842858
69.6,96.18837743,82.30642753,120.6309374,106.39635005,144.59270093
69.7,96.24495338,82.21344088,120.84977334,106.2711416,144.80146662
69.8,96.30537056,82.0876186,120.98040385,106.0861244,144.96866079
69.9,96.39343585,82.01482563,121.12913611,105.93185159,145.1514382
70.0,96.4303777,81.88842148,121.23776498,105.76826865,145.34093626
70.1,96.50208461,81.77746556,121.38672508,105.61028818,145.50984918
70.2,96.56727072,81.70129362,121.5432429,105.43894657,145.67191311
70.3,96.62349347,81.58670736,121.72329892,105.29878277,145.88864773
70.4,96.6258957,81.52692045,121.77975202,105.18167589,146.03085826
70.5,96.67060377,81.40033525,121.92268854,105.01543101,146.18190754
70.6,96.78851292,81.35152504,122.0687665,104.89106405,146.35228413
70.7,96.80762617,81.30606743,122.18246155,104.73403662,146.47522669
70.8,96.82835333,81.19740063,122.3148347,104.58629436,146.65898462
70.9,96.85115743,81.12436685,122.41167545,104.46750163,146.78897287
71.0,96.94048754,81.04991598,122.55511824,104.33369378,146.92640243
71.1,96.9813083,80.96628769,122.67198512,104.20389717,147.03832438
71.2,97.02200666,80.89571513,122.7591315,104.10012588,147.20930617
71.3,97.05608689,80.83521772,122.83438031,103.91490794,147.35156994
71.4,97.07625785,80.82668466,123.00485202,103.82606083,147.47778892
71.5,97.10999615,80.7394712,123.02418148,103.6821535,147.62045276
71.6,97.17489522,80.70031979,123.15303495,103.5423649,147.75227735
71.7,97.15151683,80.62641947,123.23236959,103.42474188,147.83763823
71.8,97.19119932,80.57689382,123.34579242,103.31705513,147.96309324
71.9,97.24434428,80.53474948,123.39673865,103.1892067,148.13669997
72.0,97.25436486,80.49163054,123.51593983,103.07353038,148.24773587
72.1,97.29252282,80.39536877,123.56668239,102.91542613,148.3357603
72.2,97.35091365,80.37607101,123.63194721,102.87324968,148.46190865
72.3,97.33482508,80.28867933,123.75319466,102.73696579,148.5891701
72.4,97.36634708,80.22246978,123.79418021,102.63772493,148.68542083
72.5,97.41040787,80.24636422,123.8551255,102.53308144,148.81294114
72.6,97.4464287,80.2005172,123.94751124,102.42198729,148.94154415
72.7,97.45572405,80.13592851,124.02187328,102.33254782,149.07325503
72.8,97.40063605,80.12188583,124.0673534,102.23487505,149.17495885
72.9,97.50370485,80.05091884,124.13041543,102.14886585,149.2500976
73.0,97.46939637,79.98811654,124.18831644,102.01907691,149.36946421
73.1,97.47428502,79.94822827,124.25917186,101.92841892,149.45629066
73.2,97.47666616,79.93690486,124.27323383,101.85036379,149.60654928
73.3,97.53564686,79.8866142,124.35584291,101.73939961,149.67595374
73.4,97.55576776,79.86918942,124.39337675,101.65118474,149.79549753
73.5,97.5638671,79.81560979,124.46575357,101.61532725,149.90185525
73.6,97.55339201,79.79023319,124.52038504,101.49281041,149.96325059
73.7,97.58162999,79.75330233,124.57406704,101.44757787,150.08646625
73.8,97.55610892,79.70476218,124.57289761,101.37195777,150.19414354
73.9,97.64212876,79.65705384,124.64895664,101.30221438,150.32235205
74.0,97.55778397,79.67149706,124.69407152,101.23954607,150.40983185
74.1,97.57634288,79.66279565,124.70595779,101.14627309,150.50398868
74.2,97.58801355,79.57008083,124.78737374,101.08534652,150.5999444
74.3,97.64469956,79.56525227,124.83694145,101.0305725,150.68983663
74.4,97.66422151,79.51224304,124.8558795,100.95762871,150.78729568
74.5,97.60436768,79.48286557,124.93246906,100.85734096,150.89113325
74.6,97.62918095,79.45693436,124.97708285,100.82923517,150.96767156
74.7,97.62667945,79.42645849,124.986499,100.77112974,151.05193879
74.8,97.64257189,79.37481375,125.02569066,100.72310157,151.14412222
74.9,97.64755146,79.37315852,125.08566779,100.6442839,151.23879977
75.0,97.66258171,79.36547792,125.0987101,100.59175273,151.32581449
75.1,97.63033233,79.28430258,125.20722881,100.55588638,151.37262282
75.2,97.6347968,79.31278263,125.18291311,100.53339289,151.50385544
75.3,97.61930318,79.27012799,125.22208132,100.44752727,151.57898591
75.4,97.6767774,79.2315332,125.28334904,100.41935502,151.65688257
75.5,97.66418388,79.21616288,125.29577435,100.38876098,151.70236105
75.6,97.66735071,79.19482878,125.31834306,100.33410731,151.76173314
75.7,97.65326512,79.20957213,125.39291337,100.25241895,151.86059823
75.8,97.66919328,79.15508837,125.40163316,100.18937351,151.92414286
75.9,97.64589113,79.1595699,125.43988921,100.19570666,151.99063076
76.0,97.62693998,79.15038687,125.49406555,100.14272962,151.99128481
76.1,97.65736435,79.14002391,125.52550352,100.11670128,152.1178844
76.2,97.6237672,79.13192451,125.57130693,100.0531998,152.20428968
76.3,97.60568084,79.08162339,125.58082698,100.00562305,152.23598952
76.4,97.62841622,79.05952685,125.61851408,99.98617232,152.27594124
76.5,97.63193131,79.05231288,125.67312722,99.93787968,152.30057325
76.6,97.63993811,78.990239,125.72247056,99.92455775,152.37736208
76.7,97.60724751,79.04499621,125.76159125,99.87526401,152.41478783
76.8,97.6115762,78.9872843,125.73411038,99.83171784,152.47805951
76.9,97.62675368,79.0007369,125.79730203,99.77157099,152.54673598
77.0,97.60900786,78.99876715,125.83031864,99.73699633,152.5419345
77.1,97.60516214,78.96315949,125.86179494,99.68894503,152.62021196
77.2,97.60410894,78.98580381,125.89038383,99.67376471,152.676193
77.3,97.5927099,78.97171678,125.93105638,99.59693105,152.73754633
77.4,97.57993561,78.98592476,125.93919891,99.57866693,152.76126763
77.5,97.61433804,78.97590005,125.94835305,99.54307037,152.78734571
77.6,97.61291665,79.00406221,125.9833371,99.50667599,152.84559355
77.7,97.56668669,78.9986599,126.0390277,99.45362886,152.90875589
77.8,97.56792599,78.94617161,126.04195142,99.42058196,152.88430287
77.9,97.5952295,78.96120792,126.11509279,99.40161072,152.95171892
78.0,97.55514635,78.94435039,126.08322447,99.35780025,153.03195161
78.1,97.60349469,78.9604283,126.12220784,99.30219278,153.02851687
78.2,97.59454522,78.95631672,126.15639946,99.29193899,153.07714963
78.3,97.58844852,78.93288981,126.1768563,99.23765045,153.13267776
78.4,97.56599383,78.955249,126.16856398,99.15579306,153.15970656
78.5,97.573847,78.95210833,126.19381809,99.12500463,153.23633453
78.6,97.61697157,78.97779533,126.25500497,99.12055228,153.25381348
78.7,97.59014074,78.94447571,126.18502187,99.07562346,153.29650344
78.8,97.57895839,78.98017978,126.20508114,99.0324755,153.34124172
78.9,97.59904581,78.93903767,126.235515,99.01485873,153.40463409
79.0,97.59802475,78.98941011,126.27543911,98.98382594,153.43018731
79.1,97.59556097,78.93245031,126.27826917,98.96672841,153.47588782
79.2,97.6135369,78.99267616,126.27798515,98.88567354,153.54332433
79.3,97.60920231,78.97400008,126.28560939,98.88309258,153.58795357
79.4,97.60099363,78.94493803,126.30272933,98.88816197,153.61955904
79.5,97.65926819,78.94475832,126.32333122,98.79740092,153.63851703
79.6,97.62287485,78.939476,126.30286431,98.80709147,153.72113057
79.7,97.61921235,78.92866042,126.33855305,98.76361586,153.75827688
79.8,97.62569327,78.96060918,126.33905176,98.7088767,153.77110845
79.9,97.63998098,78.93664632,126.35196969,98.71687842,153.8779381
80.0,97.63916373,78.95943252,126.32383755,98.66986956,153.83201373
80.1,97.62791241,78.94232209,126.36106827,98.66959234,153.86717323
80.2,97.62747396,78.94386534,126.35025082,98.65189387,153.95190358
80.3,97.64818483,78.96907161,126.33811855,98.61987676,153.99589969
80.4,97.65897444,78.98463153,126.38783969,98.60960752,154.02710487
80.5,97.66463785,78.96277873,126.33357811,98.60927032,154.05174833
80.6,97.66532488,78.96379308,126.35380474,98.56404817,154.08478774
80.7,97.67594027,78.95709721,126.35963239,98.57886536,154.14023919
80.8,97.6788523,78.95003332,126.38089723,98.54137542,154.14292947
80.9,97.70445945,78.90358427,126.36780846,98.54407837,154.18733537
81.0,97.68014925,78.93571346,126.39433121,98.52776556,154.27100286
81.1,97.6705377,78.95300625,126.38248678,98.48047477,154.26056873
81.2,97.69214858,78.90705893,126.40302685,98.50074182,154.294552
81.3,97.72595462,78.9123877,126.38461474,98.47195735,154.35197326
81.4,97.70825696,78.89586831,126.36613255,98.43555979,154.34190952
81.5,97.72941141,78.89144593,126.38890708,98.45102721,154.36586791
81.6,97.7358152,78.87896017,126.39766809,98.47692358,154.38793237
81.7,97.72646836,78.89769611,126.38804612,98.46687912,154.40103202
81.8,97.70468311,78.84182847,126.40224575,98.45169298,154.46776772
81.9,97.69581588,78.828726,126.41256897,98.46110136,154.4721089
82.0,97.69779235,78.84038259,126.43248046,98.4171018,154.48934787
82.1,97.75802969,78.8846799,126.44608512,98.39285902,154.50149061
82.2,97.78490298,78.85657728,126.44059824,98.42955,154.50675929
82.3,97.74501797,78.81408036,126.42465591,98.44230424,154.55618607
82.4,97.79036702,78.80644639,126.45531833,98.40240072,154.58534024
82.5,97.73462677,78.80214334,126.43572527,98.41139646,154.55793996
82.6,97.74462126,78.82584952,126.41344742,98.37940174,154.60607989
82.7,97.73156126,78.81207139,126.51428149,98.40861633,154.58146012
82.8,97.72939588,78.79588148,126.50441667,98.38600501,154.65261784
82.9,97.72208487,78.77841358,126.45691615,98.34317408,154.59068968
83.0,97.75613342,78.77850053,126.51647543,98.33162353,154.58890138
83.1,97.74912666,78.79980694,126.51577442,98.35892995,154.61556694
83.2,97.76483559,78.77218339,126.53740668,98.32276635,154.63129234
83.3,97.72943865,78.75962573,126.55051004,98.29466189,154.6294975
83.4,97.77842322,78.73785384,126.54204053,98.29863521,154.68099399
83.5,97.74161807,78.75815974,126.56874654,98.30097476,154.67601063
83.6,97.7499392,78.78831755,126.5749264,98.24507363,154.72828366
83.7,97.76051214,78.7459973,126.57686466,98.29231544,154.73878133
83.8,97.78110674,78.72392349,126.59552355,98.26296798,154.69374878
83.9,97.75791646,78.75062067,126.58420743,98.23264857,154.72682644
84.0,97.73887701,78.71792755,126.60959606,98.25396084,154.75257857
84.1,97.7248755,78.70988732,126.62236969,98.20048449,154.77136968
84.2,97.71726561,78.75659401,126.64378978,98.20675574,154.78142027
84.3,97.72959096,78.71309451,126.65825193,98.16809131,154.81791404
84.4,97.71881729,78.69990933,126.6609215,98.14603267,154.83743592
84.5,97.71189165,78.71844787,126.67443418,98.11091299,154.8408771
84.6,97.74873244,78.72692198,126.67024363,98.13173945,154.86220647
84.7,97.71187717,78.70218599,126.69599873,98.09719155,154.8936254
84.8,97.71118026,78.72556044,126.69210807,98.09704339,154.88201665
84.9,97.70518812,78.69890824,126.73045641,98.08216969,154.89833877
85.0,97.68398824,78.73936615,126.74181577,98.0245864,154.93919975
85.1,97.69071306,78.70744884,126.7073848,98.05555971,154.95414094
85.2,97.74983819,78.72101061,126.70046936,98.03565936,154.97134225
85.3,97.6861636,78.72312199,126.7576864,97.98554461,154.99134823
85.4,97.67573591,78.71030024,126.74972793,98.05145337,154.98304467
85.5,97.62396536,78.75424924,126.7001518,97.99120319,155.0643303
85.6,97.63645869,78.79138823,126.72148542,97.98138419,155.09981209
85.7,97.69479104,78.72384528,126.75209474,97.9527863,155.12458849
85.8,97.64708392,78.77044877,126.76648623,97.9259379,155.09439977
85.9,97.63917744,78.73578657,126.75729624,97.95730222,155.13446244
86.0,97.64115017,78.74818659,126.72721851,97.96308852,155.14200686
86.1,97.63530442,78.82015674,126.75412821,97.94222698,155.17741528
86.2,97.62710547,78.80578605,126.77163714,97.90075013,155.20623975
86.3,97.61012485,78.7812102,126.66070118,97.92016506,155.15773404
86.4,97.64795847,78.80571402,126.71970521,97.89561876,155.20289983
86.5,97.63785081,78.80516883,126.733417,97.88057793,155.21932253
86.6,97.63645978,78.77604683,126.80649928,97.86860395,155.27246297
86.7,97.61083132,78.80147998,126.72031857,97.91300659,155.26510138
86.8,97.5946356,78.8056825,126.70068202,97.91348574,155.32529705
86.9,97.62131647,78.79802189,126.72931833,97.89965746,155.30848338
87.0,97.61446162,78.78177718,126.66540099,97.86831197,155.31239394
87.1,97.59738525,78.8456184,126.71567288,97.87668794,155.29853666
87.2,97.62187384,78.81430401,126.71754467,97.89289108,155.33348024
87.3,97.58525179,78.8107991,126.69341051,97.88638243,155.34615208
87.4,97.59293895,78.83221272,126.66168373,97.92214319,155.36443125
87.5,97.59592057,78.84844929,126.68508875,97.91942091,155.37887213
87.6,97.58540478,78.85640185,126.68725663,97.89883521,155.33990506
87.7,97.6149496,78.82164704,126.66023871,97.90802645,155.38920535
87.8,97.6001724,78.86788784,126.67167666,97.88629854,155.36441494
87.9,97.58428419,78.83470072,126.65925839,97.88116189,155.36613671
88.0,97.60059263,78.85930207,126.67423753,97.93630784,155.37398912
88.1,97.6274624,78.84702014,126.6486995,97.89112952,155.39346102
88.2,97.60121204,78.86441442,126.65374685,97.9040936,155.39500062
88.3,97.62801152,78.87268999,126.66538708,97.87768467,155.38469861
88.4,97.57242791,78.84393873,126.64286238,97.90847515,155.39915602
88.5,97.60532816,78.86827703,126.64987101,97.92163979,155.37899778
88.6,97.59419406,78.8602163,126.64506549,97.93518079,155.37837723
88.7,97.63278313,78.85414399,126.62564426,97.94002632,155.38504421
88.8,97.61613943,78.86286755,126.65325923,97.95196958,155.36778813
88.9,97.66373043,78.80647995,126.62370244,97.92328785,155.40028519
89.0,97.68244732,78.82301761,126.63483048,97.94077227,155.3676129
89.1,97.64124407,78.8466899,126.63560451,97.91587291,155.36743368
89.2,97.66692795,78.80682151,126.65213048,97.90125199,155.36113087
89.3,97.64997655,78.81824204,126.66000036,97.91872589,155.39046474
89.4,97.65124182,78.82760984,126.66075169,97.94866629,155.3782165
89.5,97.67823308,78.85855308,126.65786936,97.96449573,155.37932824
89.6,97.67207372,78.87908386,126.68821689,97.91046412,155.39166311
89.7,97.68354944,78.83025761,126.6691633,97.89680031,155.38662443
89.8,97.67670167,78.82784444,126.69786845,97.94166089,155.37711775
89.9,97.69000154,78.83989628,126.69967943,97.92807752,155.39673465
90.0,97.73612664,78.76578987,126.695365,97.84443572,155.40243144
